{
  "android-instant": {
    "REMOTE_SERVER_ROOT": "",
    "host": "",
    "pathPattern": "",
    "recordPath": "",
    "scheme": "https",
    "skipRecord": false
  },
  "encryptJs": true,
  "excludeScenes": [],
  "fb-instant-games": {},
  "includeSDKBox": false,
  "inlineSpriteFrames": true,
  "inlineSpriteFrames_native": true,
  "md5Cache": false,
  "mergeStartScene": false,
  "optimizeHotUpdate": false,
  "orientation": {
    "landscapeLeft": true,
    "landscapeRight": true,
    "portrait": false,
    "upsideDown": false
  },
  "packageName": "org.cocos2d.wx-sub-test",
  "qqplay": {
    "orientation": "portrait"
  },
  "startScene": "088db947-d2bf-4c47-b64f-f30bc4bc0faa",
  "title": "wechatgame-subcontext",
  "webOrientation": "auto",
  "wechatgame": {
    "REMOTE_SERVER_ROOT": "",
    "appid": "wx6ac3f5090a6b99c5",
    "buildsub": true,
    "hasSubdomain": true,
    "isSubdomain": true,
    "orientation": "portrait"
  },
  "xxteaKey": "0f6c60db-2545-4d",
  "zipCompressJs": true,
  "baidugame": {
    "appid": "testappid",
    "orientation": "portrait",
    "REMOTE_SERVER_ROOT": "",
    "subContext": ""
  },
  "appBundle": false
}