{
  "f8e6b000-5643-4b86-9080-aa680ce1f599": {
    "asset": 1580784241060,
    "meta": 1552197698000,
    "relativePath": "image"
  },
  "fc09f9bd-2cce-4605-b630-8145ef809ed6": {
    "asset": 1580784156256,
    "meta": 1552197698000,
    "relativePath": "misc"
  },
  "f6e6dd15-71d1-4ffe-ace7-24fd39942c05": {
    "asset": 1580784241521,
    "meta": 1552197698000,
    "relativePath": "obsolete"
  },
  "f743d2b6-b7ea-4c14-a55b-547ed4d0a045": {
    "asset": 1580784241540,
    "meta": 1552197698000,
    "relativePath": "particle"
  },
  "ae6c6c98-11e4-452f-8758-75f5c6a56e83": {
    "asset": 1580784241078,
    "meta": 1552197698000,
    "relativePath": "prefab"
  },
  "088db947-d2bf-4c47-b64f-f30bc4bc0faa": {
    "asset": 1562145694104,
    "meta": 1581906320926,
    "relativePath": "Scene\\GameRankingList.fire"
  },
  "2cf6311f-afb7-4a09-9d46-cfc10389e805": {
    "asset": 1558924460078,
    "meta": 1551663854887,
    "relativePath": "resources"
  },
  "820bd04b-ec03-4f18-912b-ebb268e267af": {
    "asset": 1558924460092,
    "meta": 1551663854887,
    "relativePath": "resources\\panel"
  },
  "bdcb5597-1ef1-47a0-9f8d-79db921001d6": {
    "asset": 1561081980340,
    "meta": 1581906318484,
    "relativePath": "resources\\panel\\RankItem.prefab"
  },
  "a2ac8a69-eca6-4432-8016-69008a4626eb": {
    "asset": 1561081980349,
    "meta": 1581906318476,
    "relativePath": "resources\\panel\\GameOverRank.prefab"
  },
  "39086bb6-ff80-4cd4-9273-c6ea0a4f833e": {
    "asset": 1558924460106,
    "meta": 1551663854887,
    "relativePath": "Scene"
  },
  "0e214632-6eb8-492f-9fcb-c4ed0198e00e": {
    "asset": 1558924460133,
    "meta": 1551663854887,
    "relativePath": "Script"
  },
  "d97bd227-fe3b-499a-99fb-ab3d242a1239": {
    "asset": 1551663854887,
    "meta": 1581906320275,
    "relativePath": "Script\\GameOverRank.js"
  },
  "dd5537e6-2fe0-467c-9f62-75227802920f": {
    "asset": 1551663854887,
    "meta": 1581906321063,
    "relativePath": "Script\\RankItem.js"
  },
  "a0ea215a-ba6d-490c-a912-af429aeb7d4b": {
    "asset": 1560760085302,
    "meta": 1581906321061,
    "relativePath": "Script\\GameRankingList.js"
  },
  "71561142-4c83-4933-afca-cb7a17f67053": {
    "asset": 1552197698000,
    "meta": 1581906317248,
    "relativePath": "image\\default_btn_disabled.png"
  },
  "e851e89b-faa2-4484-bea6-5c01dd9f06e2": {
    "asset": 1552197698000,
    "meta": 1581906317259,
    "relativePath": "image\\default_btn_normal.png"
  },
  "b43ff3c2-02bb-4874-81f7-f2dea6970f18": {
    "asset": 1552197698000,
    "meta": 1581906317322,
    "relativePath": "image\\default_btn_pressed.png"
  },
  "d81ec8ad-247c-4e62-aa3c-d35c4193c7af": {
    "asset": 1552197698000,
    "meta": 1581906317397,
    "relativePath": "image\\default_panel.png"
  },
  "edd215b9-2796-4a05-aaf5-81f96c9281ce": {
    "asset": 1552197698000,
    "meta": 1581906317340,
    "relativePath": "image\\default_editbox_bg.png"
  },
  "99170b0b-d210-46f1-b213-7d9e3f23098a": {
    "asset": 1552197698000,
    "meta": 1581906317390,
    "relativePath": "image\\default_progressbar_bg.png"
  },
  "cfef78f1-c8df-49b7-8ed0-4c953ace2621": {
    "asset": 1552197698000,
    "meta": 1581906317424,
    "relativePath": "image\\default_progressbar.png"
  },
  "567dcd80-8bf4-4535-8a5a-313f1caf078a": {
    "asset": 1552197698000,
    "meta": 1581906317432,
    "relativePath": "image\\default_radio_button_off.png"
  },
  "4bab67cb-18e6-4099-b840-355f0473f890": {
    "asset": 1552197698000,
    "meta": 1581906317460,
    "relativePath": "image\\default_scrollbar_bg.png"
  },
  "9d60001f-b5f4-4726-a629-2659e3ded0b8": {
    "asset": 1552197698000,
    "meta": 1581906317473,
    "relativePath": "image\\default_radio_button_on.png"
  },
  "d6d3ca85-4681-47c1-b5dd-d036a9d39ea2": {
    "asset": 1552197698000,
    "meta": 1581906317522,
    "relativePath": "image\\default_scrollbar_vertical.png"
  },
  "617323dd-11f4-4dd3-8eec-0caf6b3b45b9": {
    "asset": 1552197698000,
    "meta": 1581906317514,
    "relativePath": "image\\default_scrollbar_vertical_bg.png"
  },
  "0275e94c-56a7-410f-bd1a-fc7483f7d14a": {
    "asset": 1552197698000,
    "meta": 1581906317568,
    "relativePath": "image\\default_sprite_splash.png"
  },
  "0291c134-b3da-4098-b7b5-e397edbe947f": {
    "asset": 1552197698000,
    "meta": 1581906317560,
    "relativePath": "image\\default_scrollbar.png"
  },
  "6e056173-d285-473c-b206-40a7fff5386e": {
    "asset": 1552197698000,
    "meta": 1581906317606,
    "relativePath": "image\\default_sprite.png"
  },
  "73a0903d-d80e-4e3c-aa67-f999543c08f5": {
    "asset": 1552197698000,
    "meta": 1581906317613,
    "relativePath": "image\\default_toggle_checkmark.png"
  },
  "d29077ba-1627-4a72-9579-7b56a235340c": {
    "asset": 1552197698000,
    "meta": 1581906317642,
    "relativePath": "image\\default_toggle_normal.png"
  },
  "c25b9d50-c8fc-4d27-beeb-6e7c1f2e5c0f": {
    "asset": 1552197698000,
    "meta": 1581906317648,
    "relativePath": "image\\default_toggle_disabled.png"
  },
  "b181c1e4-0a72-4a91-bfb0-ae6f36ca60bd": {
    "asset": 1552197698000,
    "meta": 1581906317690,
    "relativePath": "image\\default_toggle_pressed.png"
  },
  "2be36297-9abb-4fee-8049-9ed5e271da8a": {
    "asset": 1552197698000,
    "meta": 1581906317672,
    "relativePath": "misc\\default_video.mp4"
  },
  "b8223619-7e38-47c4-841f-9160c232495a": {
    "asset": 1552197698000,
    "meta": 1581906318322,
    "relativePath": "obsolete\\atom.plist"
  },
  "b2687ac4-099e-403c-a192-ff477686f4f5": {
    "asset": 1552197698000,
    "meta": 1581906318325,
    "relativePath": "particle\\atom.plist"
  },
  "8a96b965-2dc0-4e03-aa90-3b79cb93b5b4": {
    "asset": 1552197698000,
    "meta": 1581906317814,
    "relativePath": "obsolete\\atom.png"
  },
  "d0a82d39-bede-46c4-b698-c81ff0dedfff": {
    "asset": 1552197698000,
    "meta": 1581906317807,
    "relativePath": "particle\\atom.png"
  },
  "2c937608-2562-40ea-b264-7395df6f0cea": {
    "asset": 1552197698000,
    "meta": 1581906317844,
    "relativePath": "prefab\\canvas.prefab"
  },
  "972b9a4d-47ee-4c74-b5c3-61d8a69bc29f": {
    "asset": 1552197698000,
    "meta": 1581906317848,
    "relativePath": "prefab\\button.prefab"
  },
  "27756ebb-3d33-44b0-9b96-e858fadd4dd4": {
    "asset": 1552197698000,
    "meta": 1581906317865,
    "relativePath": "prefab\\label.prefab"
  },
  "61aeb05b-3b32-452b-8eed-2b76deeed554": {
    "asset": 1552197698000,
    "meta": 1581906317861,
    "relativePath": "prefab\\editbox.prefab"
  },
  "785a442c-3ceb-45be-a46e-7317f625f3b9": {
    "asset": 1552197698000,
    "meta": 1581906317876,
    "relativePath": "prefab\\layout.prefab"
  },
  "ca8401fe-ad6e-41a8-bd46-8e3e4e9945be": {
    "asset": 1552197698000,
    "meta": 1581906317884,
    "relativePath": "prefab\\pageview.prefab"
  },
  "cd33edea-55f5-46c2-958d-357a01384a36": {
    "asset": 1552197698000,
    "meta": 1581906317896,
    "relativePath": "prefab\\particlesystem.prefab"
  },
  "5965ffac-69da-4b55-bcde-9225d0613c28": {
    "asset": 1552197698000,
    "meta": 1581906317899,
    "relativePath": "prefab\\progressBar.prefab"
  },
  "4a37dd57-78cd-4cec-aad4-f11a73d12b63": {
    "asset": 1552197698000,
    "meta": 1581906318091,
    "relativePath": "prefab\\richtext.prefab"
  },
  "0004d1cf-a0ad-47d8-ab17-34d3db9d35a3": {
    "asset": 1552197698000,
    "meta": 1581906318115,
    "relativePath": "prefab\\slider.prefab"
  },
  "32044bd2-481f-4cf1-a656-e2b2fb1594eb": {
    "asset": 1552197698000,
    "meta": 1581906317937,
    "relativePath": "prefab\\scrollview.prefab"
  },
  "96083d03-c332-4a3f-9386-d03e2d19e8ee": {
    "asset": 1552197698000,
    "meta": 1581906318127,
    "relativePath": "prefab\\sprite.prefab"
  },
  "1f55e3be-b89b-4b79-88de-47fd31018044": {
    "asset": 1552197698000,
    "meta": 1581906318119,
    "relativePath": "prefab\\sprite_splash.prefab"
  },
  "7de03a80-4457-438d-95a7-3e7cdffd6086": {
    "asset": 1552197698000,
    "meta": 1581906318135,
    "relativePath": "prefab\\tiledmap.prefab"
  },
  "0e42ba95-1fa1-46aa-b2cf-143cd1bcee2c": {
    "asset": 1552197698000,
    "meta": 1581906318152,
    "relativePath": "prefab\\tiledtile.prefab"
  },
  "0d784963-d024-4ea6-a7db-03be0ad63010": {
    "asset": 1552197698000,
    "meta": 1581906318159,
    "relativePath": "prefab\\toggle.prefab"
  },
  "bf0a434c-84dd-4a8e-a08a-7a36f180cc75": {
    "asset": 1552197698000,
    "meta": 1581906318170,
    "relativePath": "prefab\\toggleContainer.prefab"
  },
  "232d2782-c4bd-4bb4-9e01-909f03d6d3b9": {
    "asset": 1552197698000,
    "meta": 1581906318186,
    "relativePath": "prefab\\videoplayer.prefab"
  },
  "d1b8be49-b0a0-435c-83b7-552bed4bbe35": {
    "asset": 1552197698000,
    "meta": 1581906318179,
    "relativePath": "prefab\\toggleGroup.prefab"
  },
  "8c5001fd-07ee-4a4b-a8a0-63e15195e94d": {
    "asset": 1552197698000,
    "meta": 1581906318191,
    "relativePath": "prefab\\webview.prefab"
  }
}