{
  "actualPlatform": "wechatgame-subcontext",
  "apiLevel": "",
  "appABIs": [],
  "buildPath": "D:\\LM\\Project\\Tetris\\ClassicTetris\\ClassicTetris\\build\\wechatgame",
  "debug": false,
  "embedWebDebugger": false,
  "keystoreAlias": "",
  "keystoreAliasPassword": "",
  "keystorePassword": "",
  "keystorePath": "",
  "platform": "wechatgame-subcontext",
  "previewHeight": "720",
  "previewWidth": "1280",
  "sourceMaps": false,
  "template": "link",
  "useDebugKeystore": true,
  "vsVersion": "auto"
}