{
  "version": "1.1.1",
  "windows": {
    "main": {
      "main": true,
      "url": "app://editor/index.html",
      "windowType": "dockable",
      "x": -8,
      "y": -8,
      "width": 1386,
      "height": 788,
      "layout": {
        "children": [
          {
            "children": [
              {
                "active": 0,
                "children": [
                  "hierarchy"
                ],
                "height": 338.65625,
                "type": "panel",
                "width": 222.4375
              },
              {
                "active": 0,
                "children": [
                  "assets"
                ],
                "height": 326.5625,
                "type": "panel",
                "width": 222.4375
              }
            ],
            "height": 667.21875,
            "type": "dock-v",
            "width": 222.4375
          },
          {
            "children": [
              {
                "children": [
                  {
                    "active": 0,
                    "children": [
                      "scene"
                    ],
                    "height": 326.5625,
                    "type": "panel",
                    "width": 518.65625
                  },
                  {
                    "active": 0,
                    "children": [
                      "node-library"
                    ],
                    "height": 326.5625,
                    "type": "panel",
                    "width": 291.390625
                  }
                ],
                "height": 326.5625,
                "type": "dock-h",
                "width": 812.046875
              },
              {
                "active": 0,
                "children": [
                  "console",
                  "timeline"
                ],
                "height": 338.65625,
                "type": "panel",
                "width": 812.046875
              }
            ],
            "height": 667.21875,
            "type": "dock-v",
            "width": 812.046875
          },
          {
            "active": 0,
            "children": [
              "inspector"
            ],
            "height": 667.21875,
            "type": "panel",
            "width": 331.515625
          }
        ],
        "type": "dock-h"
      },
      "panels": [
        "hierarchy",
        "assets",
        "node-library",
        "console",
        "timeline",
        "inspector",
        "scene"
      ]
    }
  },
  "panels": {
    "builder": {
      "x": 265,
      "y": 135,
      "width": 516,
      "height": 739
    },
    "project-settings": {
      "x": 662,
      "y": 240,
      "width": 596,
      "height": 559
    }
  }
}